,SequencingID,ModelID,ModelConditionID,IsDefaultEntryForModel,IsDefaultEntryForMC,Chrom,Pos,Ref,Alt,AF,DP,RefCount,AltCount,GT,PS,VariantType,VariantInfo,DNAChange,ProteinChange,HugoSymbol,Exon,Intron,EnsemblGeneID,EnsemblFeatureID,HgncName,HgncFamily,UniprotID,DbsnpRsID,GcContent,NMD,MolecularConsequence,VepImpact,VepBiotype,VepHgncID,VepExistingVariation,VepManeSelect,VepENSP,VepSwissprot,Sift,Polyphen,GnomadeAF,GnomadgAF,VepClinSig,VepSomatic,VepPliGeneValue,VepLofTool,OncogeneHighImpact,TumorSuppressorHighImpact,TranscriptLikelyLof,Brca1FuncScore,CivicID,CivicDescription,CivicScore,LikelyLoF,HessDriver,HessSignature,RevelScore,PharmgkbId,GwasDisease,GwasPmID,GtexGene,ProveanPrediction,AMClass,AMPathogenicity,Rescue,RescueReason,Hotspot,EntrezGeneID
0,CDS-aN8PNg,ACH-000062,MC-000062-eiDD,Yes,Yes,chr1,818203,G,A,0.2399999946355819,27,21,6,0/1,,SNV,splice_donor_variant&non_coding_transcript_variant,ENST00000326734.3:n.840+1G>A,,FAM87B,,1-Jan,ENSG00000177757,ENST00000326734,,,,,0.4427999854087829,,,HIGH,lncRNA,HGNC:32236,,,,,,,0,0,,,,,FALSE,FALSE,,,,,,TRUE,FALSE,,,,,,,,,,FALSE,,FALSE,400728
1,CDS-qjpRtt,ACH-002059,MC-002059-DNM1,Yes,Yes,chr1,918916,CTGA,C,0.4620000123977661,51,28,23,0/1,,deletion,splice_acceptor_variant&splice_polypyrimidine_tract_variant&intron_variant&non_coding_transcript_variant,ENST00000756700.1:n.623-4_623-2del,,LINC02593,,7-May,ENSG00000223764,ENST00000756700,,,,,0.5720999836921692,,,HIGH,lncRNA,HGNC:53933,,,,,,,0,0,,,,,FALSE,FALSE,,,,,,TRUE,FALSE,,,,,,,,,,FALSE,,FALSE,100130417
2,CDS-bOBkBi,ACH-000402,MC-000402-iC8K,Yes,Yes,chr1,924510,GC,AA,0.4120000004768371,35,21,14,0|1,924510,substitution,missense_variant,ENST00000616016.5:c.79_80delinsAA,p.A27K,SAMD11,14-Jan,,ENSG00000187634,ENST00000616016,,,,,0.7910000085830688,,,MODERATE,protein_coding,HGNC:28706,,NM_001385641.1,ENSP00000478421,,deleterious_low_confidence(0),possibly_damaging(0.773),0,0,,,,,FALSE,FALSE,,,,,,FALSE,FALSE,,,,,,,,,,FALSE,,FALSE,148398
3,CDS-52aoJ0,ACH-000693,MC-000693-vUEr,Yes,Yes,chr1,924657,C,G,0.4370000064373016,17,9,8,0/1,,SNV,missense_variant,ENST00000616016.5:c.226C>G,p.L76V,SAMD11,14-Jan,,ENSG00000187634,ENST00000616016,,,,,0.8059999942779541,,,MODERATE,protein_coding,HGNC:28706,,NM_001385641.1,ENSP00000478421,,deleterious_low_confidence(0),benign(0.347),0,0,,,,,FALSE,FALSE,,,,,,FALSE,FALSE,,,,,,,,,,FALSE,,FALSE,148398
4,CDS-jBuyoZ,ACH-000930,MC-000930-v0gO,Yes,Yes,chr1,924750,C,T,0.625,19,7,12,0/1,,SNV,missense_variant,ENST00000616016.5:c.319C>T,p.P107S,SAMD11,14-Jan,,ENSG00000187634,ENST00000616016,,,,,0.736299992,,,MODERATE,protein_coding,HGNC:28706,,NM_001385641.1,ENSP00000478421,,deleterious_low_confidence(0),possibly_damaging(0.711),0,0,,,,,FALSE,FALSE,,,,,,FALSE,FALSE,,,,,,,,,,FALSE,,FALSE,148398
5,CDS-0fxylD,ACH-001691,MC-001691-0y4G,Yes,Yes,chr1,924909,G,A,0.2849999964237213,52,37,15,0/1,,SNV,missense_variant,ENST00000616016.5:c.478G>A,p.E160K,SAMD11,14-Jan,,ENSG00000187634,ENST00000616016,,,,,0.7164000272750854,,,MODERATE,protein_coding,HGNC:28706,rs1260370309,NM_001385641.1,ENSP00000478421,,deleterious_low_confidence(0),possibly_damaging(0.807),0,6.572000074811513e-06,,,,,FALSE,FALSE,,,,,,FALSE,FALSE,,,,,,,,,,FALSE,,FALSE,148398
6,CDS-VmR4Rb,ACH-000917,MC-000917-xI63,Yes,Yes,chr1,924909,G,A,0.4670000076293945,28,15,13,0/1,,SNV,missense_variant,ENST00000616016.5:c.478G>A,p.E160K,SAMD11,14-Jan,,ENSG00000187634,ENST00000616016,,,,,0.7164000272750854,,,MODERATE,protein_coding,HGNC:28706,rs1260370309,NM_001385641.1,ENSP00000478421,,deleterious_low_confidence(0),possibly_damaging(0.807),0,6.572000074811513e-06,,,,,FALSE,FALSE,,,,,,FALSE,FALSE,,,,,,,,,,FALSE,,FALSE,148398
7,CDS-NCGpgY,ACH-000956,MC-000956-WA5g,Yes,Yes,chr1,930198,C,T,0.3659999966621399,42,27,15,0/1,,SNV,missense_variant,ENST00000616016.5:c.653C>T,p.A218V,SAMD11,14-Mar,,ENSG00000187634,ENST00000616016,,,,,0.6815999746322632,,,MODERATE,protein_coding,HGNC:28706,,NM_001385641.1,ENSP00000478421,,deleterious_low_confidence(0.01),benign(0.055),0,0,,,,,FALSE,FALSE,,,,,,FALSE,FALSE,,0.090000004,,,,,Neutral,,,FALSE,,FALSE,148398
8,CDS-jQXnqh,ACH-000756,MC-000756-tsfC,Yes,Yes,chr1,930260,G,A,0.9660000205039978,27,0,27,1|1,,SNV,missense_variant,ENST00000616016.5:c.715G>A,p.G239R,SAMD11,14-Mar,,ENSG00000187634,ENST00000616016,,,,749652698,0.6517000198364258,,SO:0001583|missense_variant,MODERATE,protein_coding,HGNC:28706,rs749652698&COSV100574571,NM_001385641.1,ENSP00000478421,,tolerated_low_confidence(0.06),possibly_damaging(0.615),4.811000053450698e-06,6.568000117113115e-06,uncertain_significance,0&1,,,FALSE,FALSE,,,,,,FALSE,FALSE,,0.1659999936819076,,,,,Damaging,,,FALSE,,FALSE,148398
