subtype,n_luad_lines_positive,n_luad_lines_with_data,prevalence_among_tested,prevalence_overall
TP53_LoF,68,74,0.9189,0.7473
CDKN2A_LoF,30,50,0.6,0.3297
KRAS p.G12,21,83,0.253,0.2308
MTAP_LoF,16,45,0.3556,0.1758
KRAS p.G12C,9,83,0.1084,0.0989
KRAS p.G13,6,83,0.0723,0.0659
EGFR exon 19 del,5,83,0.0602,0.0549
RB1_LoF,5,46,0.1087,0.0549
KRAS p.Q61,3,83,0.0361,0.033
NF1_LoF,3,46,0.0652,0.033
KRAS p.G12D,3,83,0.0361,0.033
PTEN_LoF,3,47,0.0638,0.033
NRAS p.Q61,2,83,0.0241,0.022
EGFR p.L858R,2,83,0.0241,0.022
APC_LoF,2,45,0.0444,0.022
MSI,1,83,0.012,0.011
VHL_LoF,1,45,0.0222,0.011
KMT2A Fusions,1,80,0.0125,0.011
PIK3CA p.E542,1,83,0.012,0.011
JAK2 p.V617F,0,83,0.0,0.0
BRAF p.V600E,0,83,0.0,0.0
NRAS p.G13,0,83,0.0,0.0
HRAS p.G12,0,83,0.0,0.0
CIC-DUX4,0,80,0.0,0.0
EWSR1-FEV,0,80,0.0,0.0
EWSR1-ERG,0,80,0.0,0.0
EWSR1-FLI1,0,80,0.0,0.0
ALK Hotspot,0,83,0.0,0.0
PIK3CA p.H1047,0,83,0.0,0.0
PIK3CA p.E545,0,83,0.0,0.0
HRAS p.Q61,0,83,0.0,0.0
NRAS p.G12,0,83,0.0,0.0
HRAS p.G13,0,83,0.0,0.0
MEF2D Fusions,0,80,0.0,0.0
PAX-FOXO1,0,80,0.0,0.0
ETV6-RUNX1,0,80,0.0,0.0
LMO2-STAG2,0,80,0.0,0.0
TCF3-PBX1,0,80,0.0,0.0
BCR-ABL1,0,80,0.0,0.0
