sample_id,source,sample_type,sample_name,gene,protein_change,variant_class,is_hotspot
ACH-000012,DepMap,cell_line,HCC-827,EGFR,,Hotspot,True
ACH-000012,DepMap,cell_line,HCC-827,EGFR,EGFR exon 19 del,Other,False
ACH-000012,DepMap,cell_line,HCC-827,TP53,,LoF,False
ACH-000021,DepMap,cell_line,NCI-H1693,TP53,,LoF,False
ACH-000029,DepMap,cell_line,HCC-827-GR5,EGFR,EGFR exon 19 del,Other,False
ACH-000029,DepMap,cell_line,HCC-827-GR5,TERT,,Hotspot,True
ACH-000029,DepMap,cell_line,HCC-827-GR5,TP53,,LoF,False
ACH-000030,DepMap,cell_line,PC-14,CDKN2A,,LoF,False
ACH-000030,DepMap,cell_line,PC-14,EGFR,,Hotspot,True
ACH-000030,DepMap,cell_line,PC-14,EGFR,EGFR exon 19 del,Other,False
ACH-000030,DepMap,cell_line,PC-14,TP53,,LoF,False
ACH-000062,DepMap,cell_line,RERF-LC-MS,TP53,,LoF,False
ACH-000066,DepMap,cell_line,HCC4006,EGFR,EGFR exon 19 del,Other,False
ACH-000066,DepMap,cell_line,HCC4006,TP53,,LoF,False
ACH-000109,DepMap,cell_line,NCI-H3255,EGFR,p.L858R,Hotspot,True
ACH-000109,DepMap,cell_line,NCI-H3255,TP53,,LoF,False
ACH-000121,DepMap,cell_line,NCI-H2405,TP53,,LoF,False
ACH-000150,DepMap,cell_line,HCC2935,APC,,LoF,False
ACH-000150,DepMap,cell_line,HCC2935,CDKN2A,,LoF,False
ACH-000150,DepMap,cell_line,HCC2935,MTAP,,LoF,False
ACH-000150,DepMap,cell_line,HCC2935,PTEN,,LoF,False
ACH-000150,DepMap,cell_line,HCC2935,TP53,,LoF,False
ACH-000161,DepMap,cell_line,COR-L105,IDH1,,Hotspot,True
ACH-000264,DepMap,cell_line,Calu-6,CDKN2A,,Hotspot,True
ACH-000264,DepMap,cell_line,Calu-6,KRAS,,Hotspot,True
ACH-000264,DepMap,cell_line,Calu-6,KRAS,p.Q61,Hotspot,True
ACH-000264,DepMap,cell_line,Calu-6,TP53,,LoF,False
ACH-000309,DepMap,cell_line,SK-LU-1,KRAS,,Hotspot,True
ACH-000309,DepMap,cell_line,SK-LU-1,KRAS,p.G12,Hotspot,True
ACH-000309,DepMap,cell_line,SK-LU-1,KRAS,p.G12D,Hotspot,True
ACH-000309,DepMap,cell_line,SK-LU-1,TP53,,LoF,False
ACH-000311,DepMap,cell_line,NCI-H2122,CDKN2A,,LoF,False
ACH-000311,DepMap,cell_line,NCI-H2122,KRAS,p.G12,Hotspot,True
ACH-000311,DepMap,cell_line,NCI-H2122,KRAS,p.G12C,Hotspot,True
ACH-000311,DepMap,cell_line,NCI-H2122,TP53,,Hotspot,True
ACH-000314,DepMap,cell_line,HCC-2108,KRAS,p.Q61,Hotspot,True
ACH-000314,DepMap,cell_line,HCC-2108,TP53,,LoF,False
ACH-000337,DepMap,cell_line,NCI-H3122,CDKN2A,,LoF,False
ACH-000337,DepMap,cell_line,NCI-H3122,MTAP,,LoF,False
ACH-000337,DepMap,cell_line,NCI-H3122,NF1,,LoF,False
ACH-000337,DepMap,cell_line,NCI-H3122,TP53,,LoF,False
ACH-000339,DepMap,cell_line,HCC-461,KRAS,,Hotspot,True
ACH-000339,DepMap,cell_line,HCC-461,KRAS,p.G12,Hotspot,True
ACH-000339,DepMap,cell_line,HCC-461,KRAS,p.G12D,Hotspot,True
ACH-000339,DepMap,cell_line,HCC-461,PTEN,,LoF,False
ACH-000339,DepMap,cell_line,HCC-461,TP53,,LoF,False
ACH-000339,DepMap,cell_line,HCC-461,ZNF502,,Hotspot,True
ACH-000343,DepMap,cell_line,NCI-H522,TP53,,LoF,False
ACH-000379,DepMap,cell_line,NCI-H1781,PTEN,,LoF,False
ACH-000379,DepMap,cell_line,NCI-H1781,TP53,,LoF,False
ACH-000392,DepMap,cell_line,Calu-3,CDKN2A,,LoF,False
ACH-000392,DepMap,cell_line,Calu-3,CNBD1,,Hotspot,True
ACH-000392,DepMap,cell_line,Calu-3,TP53,,LoF,False
ACH-000414,DepMap,cell_line,NCI-H1944,C2orf81,,Hotspot,True
ACH-000414,DepMap,cell_line,NCI-H1944,KEAP1,,Hotspot,True
ACH-000414,DepMap,cell_line,NCI-H1944,KRAS,,Hotspot,True
ACH-000414,DepMap,cell_line,NCI-H1944,KRAS,p.G13,Hotspot,True
ACH-000416,DepMap,cell_line,NCI-H838,CDKN2A,,LoF,False
ACH-000416,DepMap,cell_line,NCI-H838,MTAP,,LoF,False
ACH-000416,DepMap,cell_line,NCI-H838,TP53,,LoF,False
ACH-000447,DepMap,cell_line,NCI-H2228,CDKN2A,,LoF,False
ACH-000447,DepMap,cell_line,NCI-H2228,MTAP,,LoF,False
ACH-000447,DepMap,cell_line,NCI-H2228,NFE2L2,,Hotspot,True
ACH-000447,DepMap,cell_line,NCI-H2228,PTCH1,,Hotspot,True
ACH-000447,DepMap,cell_line,NCI-H2228,RB1,,LoF,False
ACH-000447,DepMap,cell_line,NCI-H2228,TP53,,LoF,False
ACH-000448,DepMap,cell_line,NCI-H1666,BRAF,,Hotspot,True
ACH-000448,DepMap,cell_line,NCI-H1666,CDKN2A,,LoF,False
ACH-000448,DepMap,cell_line,NCI-H1666,MTAP,,LoF,False
ACH-000451,DepMap,cell_line,NCI-H2085,CDKN2A,,Hotspot,True
ACH-000451,DepMap,cell_line,NCI-H2085,TP53,,LoF,False
ACH-000482,DepMap,cell_line,RERF-LC-KJ,GAS2L2,,Hotspot,True
ACH-000482,DepMap,cell_line,RERF-LC-KJ,TP53,,LoF,False
ACH-000496,DepMap,cell_line,NCI-H1792,CDKN2A,,Hotspot,True
ACH-000496,DepMap,cell_line,NCI-H1792,KRAS,,Hotspot,True
ACH-000496,DepMap,cell_line,NCI-H1792,KRAS,p.G12,Hotspot,True
ACH-000496,DepMap,cell_line,NCI-H1792,KRAS,p.G12C,Hotspot,True
ACH-000496,DepMap,cell_line,NCI-H1792,TP53,,LoF,False
ACH-000521,DepMap,cell_line,NCI-H2030,KRAS,p.G12,Hotspot,True
ACH-000521,DepMap,cell_line,NCI-H2030,KRAS,p.G12C,Hotspot,True
ACH-000521,DepMap,cell_line,NCI-H2030,TP53,,LoF,False
ACH-000528,DepMap,cell_line,ABC-1,NF1,,LoF,False
ACH-000528,DepMap,cell_line,ABC-1,TP53,,LoF,False
ACH-000562,DepMap,cell_line,HCC-78,CDKN2A,,LoF,False
ACH-000562,DepMap,cell_line,HCC-78,TP53,,LoF,False
ACH-000587,DepMap,cell_line,NCI-H1975,CDKN2A,,LoF,False
ACH-000587,DepMap,cell_line,NCI-H1975,EGFR,p.L858R,Hotspot,True
ACH-000587,DepMap,cell_line,NCI-H1975,PIK3CA,,Hotspot,True
ACH-000587,DepMap,cell_line,NCI-H1975,TP53,,LoF,False
ACH-000589,DepMap,cell_line,NCI-H1437,CARNS1,,Hotspot,True
ACH-000589,DepMap,cell_line,NCI-H1437,CDKN2A,,LoF,False
ACH-000589,DepMap,cell_line,NCI-H1437,MAP2K1,,Hotspot,True
ACH-000589,DepMap,cell_line,NCI-H1437,MTAP,,LoF,False
ACH-000589,DepMap,cell_line,NCI-H1437,TGFBR1,,Hotspot,True
ACH-000590,DepMap,cell_line,NCI-H2073,TP53,,LoF,False
ACH-000590,DepMap,cell_line,NCI-H2073,TP53,,Hotspot,True
ACH-000638,DepMap,cell_line,NCI-H441,KRAS,,Hotspot,True
ACH-000638,DepMap,cell_line,NCI-H441,KRAS,p.G12,Hotspot,True
ACH-000638,DepMap,cell_line,NCI-H441,TP53,,LoF,False
ACH-000666,DepMap,cell_line,NCI-H1355,KRAS,,Hotspot,True
ACH-000666,DepMap,cell_line,NCI-H1355,KRAS,p.G13,Hotspot,True
ACH-000666,DepMap,cell_line,NCI-H1355,TP53,,LoF,False
ACH-000667,DepMap,cell_line,HCC-44,GAS2L2,,Hotspot,True
ACH-000667,DepMap,cell_line,HCC-44,KRAS,p.G12,Hotspot,True
ACH-000667,DepMap,cell_line,HCC-44,KRAS,p.G12C,Hotspot,True
ACH-000667,DepMap,cell_line,HCC-44,RB1,,LoF,False
ACH-000667,DepMap,cell_line,HCC-44,TP53,,LoF,False
ACH-000675,DepMap,cell_line,NCI-H1734,CDKN2A,,Hotspot,True
ACH-000675,DepMap,cell_line,NCI-H1734,KRAS,,Hotspot,True
ACH-000675,DepMap,cell_line,NCI-H1734,KRAS,p.G13,Hotspot,True
ACH-000675,DepMap,cell_line,NCI-H1734,TP53,,LoF,False
ACH-000677,DepMap,cell_line,SW 1573,CTNNB1,,Hotspot,True
ACH-000677,DepMap,cell_line,SW 1573,KRAS,,Hotspot,True
ACH-000677,DepMap,cell_line,SW 1573,KRAS,p.G12,Hotspot,True
ACH-000677,DepMap,cell_line,SW 1573,KRAS,p.G12C,Hotspot,True
ACH-000677,DepMap,cell_line,SW 1573,PIK3CA,,Hotspot,True
ACH-000681,DepMap,cell_line,A549,CDKN2A,,LoF,False
ACH-000681,DepMap,cell_line,A549,KRAS,p.G12,Hotspot,True
ACH-000681,DepMap,cell_line,A549,MTAP,,LoF,False
ACH-000681,DepMap,cell_line,A549,STK11,,Hotspot,True
ACH-000706,DepMap,cell_line,EKVX,TP53,,LoF,False
ACH-000706,DepMap,cell_line,EKVX,VHL,,LoF,False
ACH-000706,DepMap,cell_line,EKVX,VHL,,Hotspot,True
ACH-000712,DepMap,cell_line,HCC-1833,DIS3,,Hotspot,True
ACH-000712,DepMap,cell_line,HCC-1833,GNAS,,Hotspot,True
ACH-000712,DepMap,cell_line,HCC-1833,TP53,,LoF,False
ACH-000712,DepMap,cell_line,HCC-1833,TP53,,Hotspot,True
ACH-000718,DepMap,cell_line,NCI-H2291,CDKN2A,,Hotspot,True
ACH-000718,DepMap,cell_line,NCI-H2291,KRAS,p.G12,Hotspot,True
ACH-000718,DepMap,cell_line,NCI-H2291,TP53,,LoF,False
ACH-000733,DepMap,cell_line,NCI-H1838,BMPR1A,,Hotspot,True
ACH-000733,DepMap,cell_line,NCI-H1838,NF1,,LoF,False
ACH-000733,DepMap,cell_line,NCI-H1838,TP53,,LoF,False
ACH-000744,DepMap,cell_line,NCI-H1623,TP53,,LoF,False
ACH-000757,DepMap,cell_line,A427,KRAS,,Hotspot,True
ACH-000757,DepMap,cell_line,A427,KRAS,p.G12,Hotspot,True
ACH-000757,DepMap,cell_line,A427,KRAS,p.G12D,Hotspot,True
ACH-000766,DepMap,cell_line,NCI-H1648,CDKN2A,,LoF,False
ACH-000766,DepMap,cell_line,NCI-H1648,MTAP,,LoF,False
ACH-000766,DepMap,cell_line,NCI-H1648,TP53,,LoF,False
ACH-000774,DepMap,cell_line,RERF-LC-Ad2,KRAS,p.G12,Hotspot,True
ACH-000774,DepMap,cell_line,RERF-LC-Ad2,TP53,,LoF,False
ACH-000779,DepMap,cell_line,PC-9,CDKN2A,,LoF,False
ACH-000779,DepMap,cell_line,PC-9,EGFR,,Hotspot,True
ACH-000779,DepMap,cell_line,PC-9,EGFR,EGFR exon 19 del,Other,False
ACH-000779,DepMap,cell_line,PC-9,TP53,,LoF,False
ACH-000781,DepMap,cell_line,NCI-H2023,CDKN2A,,LoF,False
ACH-000781,DepMap,cell_line,NCI-H2023,MTAP,,LoF,False
ACH-000781,DepMap,cell_line,NCI-H2023,TP53,,LoF,False
ACH-000785,DepMap,cell_line,NCI-H2126,CDKN2A,,LoF,False
ACH-000785,DepMap,cell_line,NCI-H2126,COL21A1,,Hotspot,True
ACH-000785,DepMap,cell_line,NCI-H2126,MTAP,,LoF,False
ACH-000785,DepMap,cell_line,NCI-H2126,TP53,,LoF,False
ACH-000787,DepMap,cell_line,LXF-289,C12orf43,,Hotspot,True
ACH-000787,DepMap,cell_line,LXF-289,CDKN2A,,LoF,False
ACH-000787,DepMap,cell_line,LXF-289,CTNNB1,,Hotspot,True
ACH-000787,DepMap,cell_line,LXF-289,TP53,,LoF,False
ACH-000791,DepMap,cell_line,RERF-LC-Ad1,CDKN2A,,LoF,False
ACH-000791,DepMap,cell_line,RERF-LC-Ad1,KRAS,,Hotspot,True
ACH-000791,DepMap,cell_line,RERF-LC-Ad1,KRAS,p.G12,Hotspot,True
ACH-000791,DepMap,cell_line,RERF-LC-Ad1,MTAP,,LoF,False
ACH-000791,DepMap,cell_line,RERF-LC-Ad1,TERT,,Hotspot,True
ACH-000791,DepMap,cell_line,RERF-LC-Ad1,TP53,,LoF,False
ACH-000837,DepMap,cell_line,NCI-H322,CDKN2A,,LoF,False
ACH-000837,DepMap,cell_line,NCI-H322,MTAP,,LoF,False
ACH-000837,DepMap,cell_line,NCI-H322,TP53,,LoF,False
ACH-000841,DepMap,cell_line,NCI-H2087,BRAF,,Hotspot,True
ACH-000841,DepMap,cell_line,NCI-H2087,NRAS,,Hotspot,True
ACH-000841,DepMap,cell_line,NCI-H2087,NRAS,p.Q61,Hotspot,True
ACH-000841,DepMap,cell_line,NCI-H2087,PHLDA2,,Hotspot,True
ACH-000841,DepMap,cell_line,NCI-H2087,RB1,,LoF,False
ACH-000841,DepMap,cell_line,NCI-H2087,TP53,,LoF,False
ACH-000845,DepMap,cell_line,NCI-H1373,CDKN2A,,LoF,False
ACH-000845,DepMap,cell_line,NCI-H1373,DNAJA4,,Hotspot,True
ACH-000845,DepMap,cell_line,NCI-H1373,KRAS,,Hotspot,True
ACH-000845,DepMap,cell_line,NCI-H1373,KRAS,p.G12,Hotspot,True
ACH-000845,DepMap,cell_line,NCI-H1373,KRAS,p.G12C,Hotspot,True
ACH-000845,DepMap,cell_line,NCI-H1373,TP53,,LoF,False
ACH-000851,DepMap,cell_line,MOR/CPR,CTNNB1,,Hotspot,True
ACH-000851,DepMap,cell_line,MOR/CPR,KRAS,p.G13,Hotspot,True
ACH-000851,DepMap,cell_line,MOR/CPR,TP53,,LoF,False
ACH-000852,DepMap,cell_line,NCI-H1435,APC,,LoF,False
ACH-000852,DepMap,cell_line,NCI-H1435,TP53,,LoF,False
ACH-000860,DepMap,cell_line,NCI-H358,KRAS,,Hotspot,True
ACH-000860,DepMap,cell_line,NCI-H358,KRAS,p.G12,Hotspot,True
ACH-000860,DepMap,cell_line,NCI-H358,KRAS,p.G12C,Hotspot,True
ACH-000861,DepMap,cell_line,HOP-62,BARD1,,Hotspot,True
ACH-000861,DepMap,cell_line,HOP-62,CDKN2A,,LoF,False
ACH-000861,DepMap,cell_line,HOP-62,KRAS,,Hotspot,True
ACH-000861,DepMap,cell_line,HOP-62,KRAS,p.G12,Hotspot,True
ACH-000861,DepMap,cell_line,HOP-62,KRAS,p.G12C,Hotspot,True
ACH-000861,DepMap,cell_line,HOP-62,TP53,,LoF,False
ACH-000869,DepMap,cell_line,NCI-H1568,CDKN2A,,LoF,False
ACH-000869,DepMap,cell_line,NCI-H1568,KMT2A,KMT2A Fusions,Other,False
ACH-000869,DepMap,cell_line,NCI-H1568,NFE2L2,,Hotspot,True
ACH-000869,DepMap,cell_line,NCI-H1568,TP53,,LoF,False
ACH-000872,DepMap,cell_line,HCC515,CDKN2A,,LoF,False
ACH-000872,DepMap,cell_line,HCC515,KRAS,,Hotspot,True
ACH-000872,DepMap,cell_line,HCC515,KRAS,p.G13,Hotspot,True
ACH-000872,DepMap,cell_line,HCC515,TP53,,LoF,False
ACH-000875,DepMap,cell_line,NCI-H2347,KRAS,,Hotspot,True
ACH-000875,DepMap,cell_line,NCI-H2347,NRAS,p.Q61,Hotspot,True
ACH-000875,DepMap,cell_line,NCI-H2347,TP53,,LoF,False
ACH-000886,DepMap,cell_line,NCI-H2009,B2M,,Hotspot,True
ACH-000886,DepMap,cell_line,NCI-H2009,CARNS1,,Hotspot,True
ACH-000886,DepMap,cell_line,NCI-H2009,KRAS,,Hotspot,True
ACH-000886,DepMap,cell_line,NCI-H2009,KRAS,p.G12,Hotspot,True
ACH-000886,DepMap,cell_line,NCI-H2009,MB21D2,,Hotspot,True
ACH-000886,DepMap,cell_line,NCI-H2009,TERT,,Hotspot,True
ACH-000886,DepMap,cell_line,NCI-H2009,TP53,,LoF,False
ACH-000888,DepMap,cell_line,NCI-H1793,CDKN2A,,LoF,False
ACH-000888,DepMap,cell_line,NCI-H1793,TP53,,LoF,False
ACH-000888,DepMap,cell_line,NCI-H1793,TP53,,Hotspot,True
ACH-000892,DepMap,cell_line,NCI-H1563,C2orf81,,Hotspot,True
ACH-000892,DepMap,cell_line,NCI-H1563,CDKN2A,,LoF,False
ACH-000892,DepMap,cell_line,NCI-H1563,PIK3CA,,Hotspot,True
ACH-000892,DepMap,cell_line,NCI-H1563,PIK3CA,p.E542,Hotspot,True
ACH-000892,DepMap,cell_line,NCI-H1563,STK11,,Hotspot,True
ACH-000893,DepMap,cell_line,NCI-H1651,TP53,,LoF,False
ACH-000900,DepMap,cell_line,NCI-H23,KRAS,,Hotspot,True
ACH-000900,DepMap,cell_line,NCI-H23,KRAS,p.G12,Hotspot,True
ACH-000900,DepMap,cell_line,NCI-H23,KRAS,p.G12C,Hotspot,True
ACH-000900,DepMap,cell_line,NCI-H23,TP53,,LoF,False
ACH-000916,DepMap,cell_line,NCI-H1573,CDKN2A,,Hotspot,True
ACH-000916,DepMap,cell_line,NCI-H1573,ERBB3,,Hotspot,True
ACH-000916,DepMap,cell_line,NCI-H1573,KRAS,,Hotspot,True
ACH-000916,DepMap,cell_line,NCI-H1573,KRAS,p.G12,Hotspot,True
ACH-000916,DepMap,cell_line,NCI-H1573,PTCH1,,Hotspot,True
ACH-000916,DepMap,cell_line,NCI-H1573,STK11,,Hotspot,True
ACH-000916,DepMap,cell_line,NCI-H1573,TP53,,LoF,False
ACH-000925,DepMap,cell_line,DV-90,CHD4,,Hotspot,True
ACH-000925,DepMap,cell_line,DV-90,DCST1,,Hotspot,True
ACH-000925,DepMap,cell_line,DV-90,ERBB2,,Hotspot,True
ACH-000925,DepMap,cell_line,DV-90,ERBB3,,Hotspot,True
ACH-000925,DepMap,cell_line,DV-90,KRAS,,Hotspot,True
ACH-000925,DepMap,cell_line,DV-90,KRAS,p.G13,Hotspot,True
ACH-000925,DepMap,cell_line,DV-90,MSI,MSI,Other,False
ACH-000925,DepMap,cell_line,DV-90,SON,,Hotspot,True
ACH-000945,DepMap,cell_line,NCI-H650,BRCA2,,Hotspot,True
ACH-000945,DepMap,cell_line,NCI-H650,KRAS,p.Q61,Hotspot,True
ACH-000945,DepMap,cell_line,NCI-H650,MB21D2,,Hotspot,True
ACH-000945,DepMap,cell_line,NCI-H650,TP53,,LoF,False
ACH-000951,DepMap,cell_line,NCI-H2342,EIF1AX,,Hotspot,True
ACH-000951,DepMap,cell_line,NCI-H2342,FBXW7,,Hotspot,True
ACH-000951,DepMap,cell_line,NCI-H2342,TP53,,LoF,False
ACH-001137,DepMap,cell_line,NCI-H1993,TP53,,LoF,False
ACH-001233,DepMap,cell_line,VMRC-LCD,TP53,,LoF,False
ACH-001490,DepMap,cell_line,COR-L321,RB1,,LoF,False
ACH-001490,DepMap,cell_line,COR-L321,TP53,,LoF,False
ACH-002089,DepMap,cell_line,201T,TP53,,LoF,False
ACH-002157,DepMap,cell_line,LC-2-ad,TP53,,LoF,False
ACH-002337,DepMap,cell_line,JHU-028,KRAS,p.G12,Hotspot,True
ACH-002337,DepMap,cell_line,JHU-028,RAC1,,Hotspot,True
ACH-002497,DepMap,cell_line,NCI-H920,RB1,,LoF,False
ACH-002497,DepMap,cell_line,NCI-H920,TP53,,LoF,False
ACH-002522,DepMap,cell_line,SNU-2292,CDKN2A,,LoF,False
ACH-002522,DepMap,cell_line,SNU-2292,MTAP,,LoF,False
ACH-002522,DepMap,cell_line,SNU-2292,TERT,,Hotspot,True
ACH-002522,DepMap,cell_line,SNU-2292,TP53,,LoF,False
ACH-002526,DepMap,cell_line,SNU-1327,CDKN2A,,LoF,False
ACH-002526,DepMap,cell_line,SNU-1327,MTAP,,LoF,False
ACH-002526,DepMap,cell_line,SNU-1327,TP53,,LoF,False
ACH-002531,DepMap,cell_line,SNU-2535,CDKN2A,,LoF,False
ACH-002531,DepMap,cell_line,SNU-2535,NFE2L2,,Hotspot,True
ACH-002650,DepMap,cell_line,ETCC-016,CDKN2A,,LoF,False
ACH-002650,DepMap,cell_line,ETCC-016,MTAP,,LoF,False
ACH-002650,DepMap,cell_line,ETCC-016,TP53,,LoF,False
ACH-003012,DepMap,cell_line,A549_CRAF_KD,CDKN2A,,LoF,False
ACH-003012,DepMap,cell_line,A549_CRAF_KD,KRAS,p.G12,Hotspot,True
ACH-003012,DepMap,cell_line,A549_CRAF_KD,MTAP,,LoF,False
